customer_id,first_name,last_name,email,phone,city,state,registration_date
1,Ikbal,Bhattacharyya,ikbal.bhattacharyya1@gmail.com,3454852592,Sambhal,Punjab,2025-09-26
2,Nihal,Deshpande,nihal.deshpande2@gmail.com,3771215420,Visakhapatnam,Manipur,2026-04-12
3,Nirja,Wason,nirja.wason3@gmail.com,9954927551,Nizamabad,Rajasthan,2025-04-02
4,Ucchal,Sangha,ucchal.sangha4@gmail.com,2412892075,Maheshtala,Sikkim,2025-10-11
5,Kabir,Bedi,kabir.bedi5@gmail.com,9298820945,Madurai,Gujarat,2025-10-21
6,Isha,Boase,isha.boase6@gmail.com,9378399484,Bhind,Punjab,2025-11-22
7,Kashvi,Natt,kashvi.natt7@gmail.com,7487054997,Pondicherry,Sikkim,2025-01-17
8,Harini,Chowdhury,harini.chowdhury8@gmail.com,1463282088,Guntakal,Telangana,2025-11-21
9,Ojas,Murty,ojas.murty9@gmail.com,5737097920,Saharsa,Odisha,2024-09-15
10,Widisha,Mukhopadhyay,widisha.mukhopadhyay10@gmail.com,0622607669,Bally,Madhya Pradesh,2024-11-18
11,Yasti,Sule,yasti.sule11@gmail.com,3583599090,Darbhanga,Haryana,2025-12-25
12,Vrishti,Sachar,vrishti.sachar12@gmail.com,7503299350,Yamunanagar,Assam,2026-02-15
13,Urmi,Brahmbhatt,urmi.brahmbhatt13@gmail.com,2774074051,Agra,Bihar,2026-05-26
14,Onkar,Dave,onkar.dave14@gmail.com,3601406558,Kharagpur,Himachal Pradesh,2026-05-04
15,Alexander,Acharya,alexander.acharya15@gmail.com,3816854800,Pondicherry,Goa,2024-10-24
16,Warda,Chandra,warda.chandra16@gmail.com,3504084150,Ambattur,Kerala,2025-07-27
17,Chandani,Raghavan,chandani.raghavan17@gmail.com,9750243558,Asansol,Haryana,2025-04-06
18,Forum,Mital,forum.mital18@gmail.com,9601363201,Khora ,Sikkim,2026-05-09
19,Faras,Bajaj,faras.bajaj19@gmail.com,3186741081,Burhanpur,Rajasthan,2025-01-11
20,Falan,Nanda,falan.nanda20@gmail.com,4337275436,Rohtak,Chhattisgarh,2026-01-02
21,Lohit,Mangal,lohit.mangal21@gmail.com,3761402681,Korba,Bihar,2024-08-14
22,Dalbir,Saini,dalbir.saini22@gmail.com,8012640365,Jaipur,Punjab,2024-12-06
23,Nicholas,Johal,nicholas.johal23@gmail.com,0929454895,Tenali,Himachal Pradesh,2025-06-21
24,Meera,Sarraf,meera.sarraf24@gmail.com,6583586007,New Delhi,Arunachal Pradesh,2025-06-13
25,Onkar,Bose,onkar.bose25@gmail.com,1828395920,Kirari Suleman Nagar,Rajasthan,2024-08-22
26,Yagnesh,Tandon,yagnesh.tandon26@gmail.com,0222931701,Nangloi Jat,Uttarakhand,2025-05-19
27,Shivansh,Chhabra,shivansh.chhabra27@gmail.com,1952845388,Bhind,Odisha,2025-08-04
28,Chandani,Sekhon,chandani.sekhon28@gmail.com,5048419664,Hapur,Chhattisgarh,2026-03-25
29,Dominic,Prashad,dominic.prashad29@gmail.com,2305466814,Jalna,West Bengal,2024-12-13
30,Chavvi,Khurana,chavvi.khurana30@gmail.com,3230144715,North Dumdum,Bihar,2025-04-17
31,Panini,Sama,panini.sama31@gmail.com,5508916898,Panchkula,Odisha,2024-10-24
32,Lila,Bose,lila.bose32@gmail.com,1245498316,Jabalpur,Punjab,2025-05-13
33,Jai,Shetty,jai.shetty33@gmail.com,5529008746,Bihar Sharif,Uttar Pradesh,2024-08-14
34,Jeevika,Sharma,jeevika.sharma34@gmail.com,7094284293,Thiruvananthapuram,Assam,2025-06-08
35,Ekanta,Sarna,ekanta.sarna35@gmail.com,1521808941,Jehanabad,Kerala,2024-10-08
36,Tara,Chad,tara.chad36@gmail.com,4761185775,Varanasi,Uttarakhand,2026-02-15
37,Tejas,Rai,tejas.rai37@gmail.com,9103957607,Gandhinagar,Andhra Pradesh,2025-12-20
38,Utkarsh,Sangha,utkarsh.sangha38@gmail.com,2890835668,Hubli–Dharwad,Bihar,2024-07-30
39,Udarsh,Acharya,udarsh.acharya39@gmail.com,6594798591,Hospet,Manipur,2025-05-08
40,Saanvi,Keer,saanvi.keer40@gmail.com,4822205300,Moradabad,Manipur,2024-11-03
41,Banjeet,Suresh,banjeet.suresh41@gmail.com,1082365186,Ghaziabad,Punjab,2025-07-01
42,Ucchal,Varkey,ucchal.varkey42@gmail.com,9957955858,Mira-Bhayandar,Uttarakhand,2026-04-22
43,Deepa,Narang,deepa.narang43@gmail.com,6276888167,Kozhikode,Haryana,2025-05-04
44,Mugdha,Randhawa,mugdha.randhawa44@gmail.com,2747690606,Bhiwani,Nagaland,2024-08-30
45,Mahika,Bahri,mahika.bahri45@gmail.com,8272579170,Sirsa,Telangana,2024-07-29
46,Gavin,Sawhney,gavin.sawhney46@gmail.com,9377244747,Gurgaon,Karnataka,2024-08-23
47,Oeshi,Choudhry,oeshi.choudhry47@gmail.com,1353818871,Cuttack,Nagaland,2026-02-10
48,Dominic,Hans,dominic.hans48@gmail.com,4863406989,Gaya,Tripura,2025-02-27
49,Yashawini,Bansal,yashawini.bansal49@gmail.com,8066000115,Agartala,Maharashtra,2025-04-17
50,Oscar,Deep,oscar.deep50@gmail.com,2929617541,Ambarnath,Karnataka,2025-12-25
51,Dev,Kibe,dev.kibe51@gmail.com,9988587073,Kamarhati,Madhya Pradesh,2025-09-19
52,Yauvani,Hari,yauvani.hari52@gmail.com,7087997944,Haldia,Tripura,2025-06-17
53,Sneha,Sane,sneha.sane53@gmail.com,3423616987,Tirupati,Bihar,2025-04-20
54,Fariq,Master,fariq.master54@gmail.com,7352204903,Nadiad,Bihar,2024-07-08
55,Anjali,Shroff,anjali.shroff55@gmail.com,5460657099,Ahmedabad,Tripura,2026-03-08
56,Dalaja,Bal,dalaja.bal56@gmail.com,8165964510,Jhansi,Goa,2024-10-27
57,Matthew,Sodhi,matthew.sodhi57@gmail.com,9573511807,Chittoor,Assam,2026-05-30
58,Omkaar,Roy,omkaar.roy58@gmail.com,4529541928,Raurkela Industrial Township,Rajasthan,2024-11-23
59,Vasana,Bedi,vasana.bedi59@gmail.com,8908825406,Bharatpur,Chhattisgarh,2025-02-01
60,Gavin,Baral,gavin.baral60@gmail.com,2450165969,Deoghar,Chhattisgarh,2025-12-20
61,Falak,Karpe,falak.karpe61@gmail.com,7192599476,Rewa,Uttar Pradesh,2025-08-26
62,Geetika,Borra,geetika.borra62@gmail.com,5203935956,Aurangabad,Uttar Pradesh,2024-09-25
63,Janaki,Hari,janaki.hari63@gmail.com,2285694641,Secunderabad,Tamil Nadu,2025-03-24
64,Adweta,Nadkarni,adweta.nadkarni64@gmail.com,0692315976,Deoghar,Kerala,2025-07-23
65,Zaitra,Oak,zaitra.oak65@gmail.com,3680130227,Kirari Suleman Nagar,Telangana,2026-02-15
66,Upadhriti,Gera,upadhriti.gera66@gmail.com,2033099685,Mahbubnagar,Haryana,2026-03-01
67,Jalsa,Dugar,jalsa.dugar67@gmail.com,7601045880,Madhyamgram,Haryana,2025-01-24
68,Triya,Verma,triya.verma68@gmail.com,1240000578,Machilipatnam,West Bengal,2024-10-16
69,Mitesh,Mody,mitesh.mody69@gmail.com,9171760288,Medininagar,Himachal Pradesh,2025-06-05
70,Anya,Hora,anya.hora70@gmail.com,5835812379,Gulbarga,Assam,2025-05-04
71,Neelima,Buch,neelima.buch71@gmail.com,3673088722,Jorhat,Uttar Pradesh,2025-01-13
72,Isaac,Goswami,isaac.goswami72@gmail.com,9958120932,Katni,West Bengal,2025-05-01
73,Ekiya,Dewan,ekiya.dewan73@gmail.com,5500931089,Kadapa,Maharashtra,2024-07-14
74,Dhriti,Kaur,dhriti.kaur74@gmail.com,1304007733,Morbi,West Bengal,2025-07-05
75,Chavvi,Maharaj,chavvi.maharaj75@gmail.com,3020167654,Dhule,Bihar,2025-04-13
76,Irya,Bhargava,irya.bhargava76@gmail.com,8667323929,Srinagar,Andhra Pradesh,2025-04-30
77,Nisha,Kumer,nisha.kumer77@gmail.com,8080495971,Uluberia,Madhya Pradesh,2024-10-29
78,Karan,Jhaveri,karan.jhaveri78@gmail.com,2615187559,Gandhidham,Punjab,2024-11-07
79,Arunima,Ravel,arunima.ravel79@gmail.com,6245113832,Mango,Karnataka,2026-06-25
80,Damyanti,Tank,damyanti.tank80@gmail.com,7925290787,Gopalpur,Telangana,2026-06-27
81,Yasti,Walla,yasti.walla81@gmail.com,9024062114,Patiala,Nagaland,2025-04-22
82,Samuel,Sekhon,samuel.sekhon82@gmail.com,3067255422,Mirzapur,Chhattisgarh,2025-01-13
83,Krishna,Chowdhury,krishna.chowdhury83@gmail.com,8747658361,Shimoga,Punjab,2025-01-05
84,Henry,Gulati,henry.gulati84@gmail.com,3261525983,Mathura,Tripura,2025-07-21
85,Ojas,Maharaj,ojas.maharaj85@gmail.com,4150871185,Motihari,Goa,2024-07-30
86,Panini,Lall,panini.lall86@gmail.com,1927675937,Chennai,Chhattisgarh,2024-10-24
87,Advika,Lanka,advika.lanka87@gmail.com,8956001356,Warangal,Tripura,2024-07-17
88,Nisha,Panchal,nisha.panchal88@gmail.com,5875512466,Gorakhpur,Himachal Pradesh,2025-07-13
89,Veda,Kashyap,veda.kashyap89@gmail.com,6630182413,Tiruvottiyur,Meghalaya,2025-10-24
90,Vedika,Salvi,vedika.salvi90@gmail.com,0434875736,Amaravati,Uttarakhand,2025-09-07
91,Varenya,Gandhi,varenya.gandhi91@gmail.com,0016414288,Tinsukia,Odisha,2025-07-30
92,Warda,Subramaniam,warda.subramaniam92@gmail.com,6502435422,Silchar,Odisha,2025-03-13
93,Nisha,Bhatnagar,nisha.bhatnagar93@gmail.com,0566926804,Danapur,Punjab,2024-07-17
94,Jack,Som,jack.som94@gmail.com,8359553581,Bilaspur,Uttar Pradesh,2026-05-01
95,Tanay,Sarin,tanay.sarin95@gmail.com,0122582852,Barasat,Sikkim,2024-08-14
96,Jason,Sundaram,jason.sundaram96@gmail.com,7017622032,Gorakhpur,Tripura,2025-11-04
97,Raagini,Manne,raagini.manne97@gmail.com,5275168436,Malegaon,Telangana,2025-03-11
98,Joshua,Sane,joshua.sane98@gmail.com,2621007977,Mau,Telangana,2026-01-11
99,Aadhya,Naik,aadhya.naik99@gmail.com,6373903437,North Dumdum,Odisha,2025-08-22
100,Lajita,Agrawal,lajita.agrawal100@gmail.com,0621512313,Phagwara,Manipur,2025-07-26
101,Widisha,Sharaf,widisha.sharaf101@gmail.com,4702881934,Ghaziabad,Haryana,2025-11-04
102,Ayushman,Johal,ayushman.johal102@gmail.com,7207448744,Vijayawada,Tripura,2025-09-22
103,Nikita,Kuruvilla,nikita.kuruvilla103@gmail.com,1178003860,Ranchi,Himachal Pradesh,2025-08-20
104,Ishanvi,Kala,ishanvi.kala104@gmail.com,4283225528,Mehsana,Uttarakhand,2024-11-12
105,Leena,Chaudhari,leena.chaudhari105@gmail.com,8019473461,Dewas,Himachal Pradesh,2025-02-10
106,Vanya,Varty,vanya.varty106@gmail.com,7462726396,Chinsurah,Kerala,2025-07-11
107,Warda,Bahl,warda.bahl107@gmail.com,6835336449,Junagadh,Kerala,2025-02-24
108,Jatin,Chawla,jatin.chawla108@gmail.com,7260733852,Dehradun,Odisha,2025-05-30
109,Jason,Pillay,jason.pillay109@gmail.com,4778988449,Gandhidham,Madhya Pradesh,2026-05-22
110,Devansh,Ray,devansh.ray110@gmail.com,6505215502,Ramagundam,Chhattisgarh,2025-09-08
111,Vihaan,Nagy,vihaan.nagy111@gmail.com,1397065473,Narasaraopet,Tripura,2025-11-01
112,Pallavi,Gulati,pallavi.gulati112@gmail.com,3236366937,Mirzapur,Karnataka,2024-09-07
113,Kalpit,Tata,kalpit.tata113@gmail.com,0190821755,Jorhat,Rajasthan,2024-12-25
114,Robert,Barman,robert.barman114@gmail.com,8893566276,Etawah,Chhattisgarh,2026-06-06
115,Lakshit,Ratta,lakshit.ratta115@gmail.com,7406454351,Durg,Maharashtra,2025-08-26
116,Bhavya,Varghese,bhavya.varghese116@gmail.com,6604763121,Tiruchirappalli,Andhra Pradesh,2024-10-29
117,Vanya,Mahajan,vanya.mahajan117@gmail.com,2825916729,Jorhat,Assam,2024-09-24
118,Nirja,Badami,nirja.badami118@gmail.com,9562834220,Siwan,Arunachal Pradesh,2024-07-10
119,Pranav,Vora,pranav.vora119@gmail.com,3188312089,Bhagalpur,Punjab,2025-04-02
120,Jai,Tiwari,jai.tiwari120@gmail.com,9581907263,Udaipur,Sikkim,2026-05-27
121,Akshay,Nazareth,akshay.nazareth121@gmail.com,3467843501,Bikaner,Jharkhand,2026-06-14
122,Kiaan,Handa,kiaan.handa122@gmail.com,2965417872,Hapur,Odisha,2024-11-15
123,Jason,Borah,jason.borah123@gmail.com,4046510688,Vadodara,Chhattisgarh,2025-12-28
124,Umang,Chada,umang.chada124@gmail.com,6294490709,Naihati,Himachal Pradesh,2025-03-24
125,Aashi,Chanda,aashi.chanda125@gmail.com,2921383455,Kolkata,Telangana,2026-06-06
126,Bhavika,Khurana,bhavika.khurana126@gmail.com,3837963657,Bhatpara,Haryana,2026-04-10
127,Unnati,Krishnamurthy,unnati.krishnamurthy127@gmail.com,3517834834,Surendranagar Dudhrej,Madhya Pradesh,2025-11-07
128,Janani,Chowdhury,janani.chowdhury128@gmail.com,4640944984,Morena,Maharashtra,2025-12-17
129,Nirja,Dey,nirja.dey129@gmail.com,9055484417,Ajmer,Himachal Pradesh,2026-01-16
130,Zaitra,Chand,zaitra.chand130@gmail.com,8842856899,Ratlam,Bihar,2025-03-26
131,Vasudha,Sengupta,vasudha.sengupta131@gmail.com,4487414334,Karawal Nagar,Mizoram,2024-07-06
132,Yug,Om,yug.om132@gmail.com,5125414125,Serampore,Haryana,2025-07-26
133,Ira,Shenoy,ira.shenoy133@gmail.com,9360650551,Mysore,Rajasthan,2025-01-25
134,Bachittar,Sarkar,bachittar.sarkar134@gmail.com,9973930937,Vasai-Virar,Meghalaya,2025-11-28
135,Pranit,Kapadia,pranit.kapadia135@gmail.com,8639976470,Motihari,Telangana,2026-05-01
136,Meghana,Sodhi,meghana.sodhi136@gmail.com,5925726210,Madanapalle,Arunachal Pradesh,2025-02-13
137,Chandran,Prakash,chandran.prakash137@gmail.com,4793820774,Jalandhar,Manipur,2025-09-24
138,Bachittar,Wali,bachittar.wali138@gmail.com,6998888493,Korba,West Bengal,2025-10-13
139,Lipika,Sankar,lipika.sankar139@gmail.com,5705583286,Jalandhar,Maharashtra,2024-09-14
140,Ganga,Munshi,ganga.munshi140@gmail.com,2088722288,Jamshedpur,Gujarat,2025-07-21
141,Shaurya,Dalal,shaurya.dalal141@gmail.com,8286684349,Kakinada,Manipur,2025-02-07
142,Daniel,Sama,daniel.sama142@gmail.com,5507090874,Bidhannagar,Mizoram,2025-04-06
143,Krishna,Narain,krishna.narain143@gmail.com,7236186340,Mumbai,Uttar Pradesh,2025-04-04
144,Tanveer,Kothari,tanveer.kothari144@gmail.com,0188776643,Madurai,Goa,2024-08-14
145,Omya,Narayan,omya.narayan145@gmail.com,6554392957,Kanpur,Punjab,2025-05-16
146,Azaan,Pingle,azaan.pingle146@gmail.com,4584485660,Hapur,Telangana,2025-07-27
147,Nitesh,Suri,nitesh.suri147@gmail.com,7170241902,Kota,Odisha,2025-05-15
148,Ekiya,Bobal,ekiya.bobal148@gmail.com,4997154192,Anand,Meghalaya,2024-09-11
149,Guneet,Misra,guneet.misra149@gmail.com,4335880715,Jalgaon,Telangana,2025-12-15
150,Darpan,Vala,darpan.vala150@gmail.com,8794535933,Ujjain,Rajasthan,2024-12-06
151,Jai,Panchal,jai.panchal151@gmail.com,9547332112,Katihar,West Bengal,2025-10-14
152,Leena,Sunder,leena.sunder152@gmail.com,9546378235,Aurangabad,Uttar Pradesh,2025-05-08
153,Isaiah,Gupta,isaiah.gupta153@gmail.com,2510156329,Maheshtala,Mizoram,2024-07-10
154,Tarak,Menon,tarak.menon154@gmail.com,6650561745,Tirunelveli,Gujarat,2024-07-31
155,Amaira,Kalla,amaira.kalla155@gmail.com,3979714763,Agartala,Punjab,2026-01-15
156,Aarini,Kurian,aarini.kurian156@gmail.com,6108587284,Hosur,Manipur,2026-03-24
157,Anita,Bumb,anita.bumb157@gmail.com,9487309180,Mirzapur,West Bengal,2025-11-22
158,Banjeet,Kapoor,banjeet.kapoor158@gmail.com,8531284038,Vijayanagaram,Assam,2025-04-19
159,Darika,Thaman,darika.thaman159@gmail.com,3914598483,Mysore,Andhra Pradesh,2025-01-26
160,Nihal,Ghosh,nihal.ghosh160@gmail.com,2776707433,Ahmednagar,Bihar,2026-04-10
161,Upkaar,Nagarajan,upkaar.nagarajan161@gmail.com,8395852453,Nagpur,Jharkhand,2026-04-14
162,Abeer,Lata,abeer.lata162@gmail.com,6842651975,Alappuzha,Maharashtra,2026-01-12
163,Onkar,Dhaliwal,onkar.dhaliwal163@gmail.com,0285449640,Bilaspur,Nagaland,2026-02-12
164,Dalaja,Apte,dalaja.apte164@gmail.com,7391009117,Siliguri,Andhra Pradesh,2024-11-24
165,Pavani,Chowdhury,pavani.chowdhury165@gmail.com,9406326075,Ahmedabad,Arunachal Pradesh,2025-01-16
166,Neha,Sami,neha.sami166@gmail.com,0085961704,Gopalpur,Chhattisgarh,2024-11-05
167,Henry,Dasgupta,henry.dasgupta167@gmail.com,1324727827,Guna,Assam,2024-07-17
168,Tanveer,Venkatesh,tanveer.venkatesh168@gmail.com,0350412012,Chandrapur,Rajasthan,2025-01-06
169,Tanmayi,Date,tanmayi.date169@gmail.com,6172790562,Mangalore,Kerala,2025-10-16
170,Ekavir,Pal,ekavir.pal170@gmail.com,4885432457,Amravati,Telangana,2024-10-19
171,Ati,Bera,ati.bera171@gmail.com,5401678639,Ahmedabad,Odisha,2026-03-16
172,Garima,Babu,garima.babu172@gmail.com,1463362113,Shimoga,Chhattisgarh,2025-09-28
173,Niharika,Doshi,niharika.doshi173@gmail.com,5653536908,Gurgaon,Arunachal Pradesh,2025-09-15
174,Vaishnavi,Kala,vaishnavi.kala174@gmail.com,5960040820,Ratlam,Sikkim,2026-03-06
175,Devika,Bhavsar,devika.bhavsar175@gmail.com,5177238577,Nashik,Karnataka,2024-12-27
176,Chakradev,Grewal,chakradev.grewal176@gmail.com,9784097470,Srinagar,Uttar Pradesh,2026-04-21
177,Vedhika,Madan,vedhika.madan177@gmail.com,4467678255,Mirzapur,Nagaland,2025-11-16
178,Guneet,Balakrishnan,guneet.balakrishnan178@gmail.com,6556284674,Unnao,Andhra Pradesh,2024-08-19
179,Brinda,Misra,brinda.misra179@gmail.com,8884258368,Durg,Jharkhand,2025-03-11
180,Lucky,Goyal,lucky.goyal180@gmail.com,6587888965,Mirzapur,Sikkim,2026-01-29
181,Falguni,Kala,falguni.kala181@gmail.com,8855441675,Mau,Kerala,2025-11-27
182,Isaac,Choudhary,isaac.choudhary182@gmail.com,1074853367,Rajpur Sonarpur,Karnataka,2025-09-22
183,Zayan,Pingle,zayan.pingle183@gmail.com,9780252857,Dharmavaram,Haryana,2026-01-22
184,Frederick,Taneja,frederick.taneja184@gmail.com,9939099120,Bangalore,Meghalaya,2025-01-24
185,Zarna,Mahal,zarna.mahal185@gmail.com,7305252960,Arrah,Telangana,2025-11-02
186,Rachit,Bath,rachit.bath186@gmail.com,5434137874,Shimoga,Haryana,2024-09-27
187,Kavya,Raman,kavya.raman187@gmail.com,5169842960,Udupi,Punjab,2025-01-27
188,Darsh,Kothari,darsh.kothari188@gmail.com,6601684360,Nagaon,Nagaland,2025-11-03
189,Omkaar,Jha,omkaar.jha189@gmail.com,2222041915,Faridabad,Telangana,2026-04-12
190,Devika,Lanka,devika.lanka190@gmail.com,9174304872,Madanapalle,Himachal Pradesh,2026-01-28
191,Ishaan,Srinivas,ishaan.srinivas191@gmail.com,3588099857,Davanagere,Bihar,2024-12-23
192,Timothy,Master,timothy.master192@gmail.com,9215830053,Berhampore,Haryana,2026-02-27
193,Vaishnavi,Sule,vaishnavi.sule193@gmail.com,8756442028,Bihar Sharif,Gujarat,2026-03-26
194,Aahana,Vig,aahana.vig194@gmail.com,0649812922,Madhyamgram,Jharkhand,2024-08-15
195,Ekavir,Dara,ekavir.dara195@gmail.com,9819559562,Salem,Odisha,2025-02-09
196,Falan,Gola,falan.gola196@gmail.com,6134804978,Tiruvottiyur,Telangana,2025-02-10
197,Aahana,Balan,aahana.balan197@gmail.com,5728829743,Jaipur,Kerala,2024-12-02
198,Nilima,Kapoor,nilima.kapoor198@gmail.com,3197597880,Unnao,Rajasthan,2025-12-27
199,Tarak,Biswas,tarak.biswas199@gmail.com,3369096326,Kirari Suleman Nagar,Madhya Pradesh,2025-07-06
200,Panini,Hayre,panini.hayre200@gmail.com,3107410252,Begusarai,Uttar Pradesh,2024-10-03
201,Maanas,Gulati,maanas.gulati201@gmail.com,8040186159,Bhiwani,Andhra Pradesh,2025-08-06
202,Vincent,Dhaliwal,vincent.dhaliwal202@gmail.com,3489235875,Kharagpur,Telangana,2024-09-11
203,Maanas,Deo,maanas.deo203@gmail.com,5540977085,Alwar,Sikkim,2025-05-02
204,Raghav,Sem,raghav.sem204@gmail.com,4458026270,Moradabad,Rajasthan,2025-10-11
205,Charan,Dugar,charan.dugar205@gmail.com,9289492160,Suryapet,Manipur,2025-07-08
206,Agastya,Kumar,agastya.kumar206@gmail.com,1948822744,Kulti,Telangana,2025-07-25
207,Nisha,Patla,nisha.patla207@gmail.com,2754038851,Kumbakonam,Sikkim,2026-04-07
208,Hemani,Comar,hemani.comar208@gmail.com,1659035119,Kolkata,Uttarakhand,2025-04-03
209,Manan,Rattan,manan.rattan209@gmail.com,8184164896,Jamnagar,Tamil Nadu,2024-07-04
210,Baljiwan,Palla,baljiwan.palla210@gmail.com,4341421868,Ujjain,West Bengal,2024-10-24
211,Tejas,Bhattacharyya,tejas.bhattacharyya211@gmail.com,7078400777,Raurkela Industrial Township,Chhattisgarh,2026-05-20
212,Azaan,Vohra,azaan.vohra212@gmail.com,0572826351,Bellary,Odisha,2025-12-28
213,Liam,Sawhney,liam.sawhney213@gmail.com,2691621798,Haridwar,Telangana,2024-08-10
214,Laksh,Magar,laksh.magar214@gmail.com,0634821649,Farrukhabad,Himachal Pradesh,2026-01-14
215,Brinda,Pai,brinda.pai215@gmail.com,1036745329,Amravati,Telangana,2025-08-12
216,Azad,Lad,azad.lad216@gmail.com,4693351845,Mysore,Uttarakhand,2026-02-25
217,Pratyush,Pradhan,pratyush.pradhan217@gmail.com,8548148194,Anand,Mizoram,2025-03-08
218,Oviya,Choudhury,oviya.choudhury218@gmail.com,6531863268,Morena,Manipur,2026-02-25
219,Jagvi,Sha,jagvi.sha219@gmail.com,2645982318,Haridwar,Rajasthan,2026-05-23
220,Tanay,Iyengar,tanay.iyengar220@gmail.com,2556108629,Bidar,Mizoram,2026-04-24
221,Ria,Kata,ria.kata221@gmail.com,5151479828,Sagar,Uttarakhand,2025-01-16
222,Irya,Kanda,irya.kanda222@gmail.com,1398461803,Nizamabad,Maharashtra,2025-03-25
223,Mitesh,Wason,mitesh.wason223@gmail.com,7337474991,Bhilwara,Nagaland,2026-02-03
224,Ijaya,Malhotra,ijaya.malhotra224@gmail.com,2202303085,Tirupati,Haryana,2025-12-21
225,Jack,Sibal,jack.sibal225@gmail.com,1993677250,Mau,Karnataka,2026-06-22
226,Xiti,Date,xiti.date226@gmail.com,4411486264,Deoghar,Kerala,2025-11-11
227,Lopa,Ratti,lopa.ratti227@gmail.com,1825691986,Pali,Tamil Nadu,2024-12-22
228,Nihal,Banerjee,nihal.banerjee228@gmail.com,4458196439,Bhusawal,Maharashtra,2025-08-29
229,Aayush,Mohan,aayush.mohan229@gmail.com,8778008815,Ahmednagar,Bihar,2026-05-25
230,Jeremiah,Vora,jeremiah.vora230@gmail.com,1698473769,Ujjain,West Bengal,2025-09-17
231,Krisha,Sant,krisha.sant231@gmail.com,0399374289,Cuttack,Meghalaya,2025-08-30
232,Indrajit,Raman,indrajit.raman232@gmail.com,4161176858,Bhalswa Jahangir Pur,West Bengal,2024-11-02
233,Madhav,Walia,madhav.walia233@gmail.com,0787225277,Bareilly,Andhra Pradesh,2026-04-17
234,Lopa,Mahal,lopa.mahal234@gmail.com,5239561941,Unnao,Haryana,2025-12-20
235,Falan,Kurian,falan.kurian235@gmail.com,5369394582,Aligarh,Manipur,2025-09-07
236,Harrison,Sunder,harrison.sunder236@gmail.com,6335914977,Berhampore,Telangana,2025-07-29
237,Osha,Sura,osha.sura237@gmail.com,0356444424,Bongaigaon,Tripura,2025-09-16
238,Kashvi,Aggarwal,kashvi.aggarwal238@gmail.com,0545411817,Rourkela,Telangana,2024-12-17
239,Nathan,Korpal,nathan.korpal239@gmail.com,2899188496,Jorhat,Himachal Pradesh,2025-10-28
240,Lila,Singhal,lila.singhal240@gmail.com,4658875512,Raurkela Industrial Township,Haryana,2025-07-26
241,Upma,Atwal,upma.atwal241@gmail.com,7268589868,Jhansi,Rajasthan,2026-03-09
242,Harita,Pall,harita.pall242@gmail.com,3017853840,Thanjavur,Sikkim,2025-03-26
243,Dev,Amble,dev.amble243@gmail.com,8845011744,Amritsar,Kerala,2025-09-11
244,Diya,Hegde,diya.hegde244@gmail.com,8614957918,Tirunelveli,Rajasthan,2025-12-05
245,Ranveer,Warrior,ranveer.warrior245@gmail.com,1096258658,Patiala,Uttarakhand,2026-05-06
246,Wyatt,Barad,wyatt.barad246@gmail.com,4819507905,Ludhiana,Uttar Pradesh,2026-02-24
247,Lavanya,Sethi,lavanya.sethi247@gmail.com,8493946938,Danapur,Goa,2025-02-23
248,Vivaan,Ghosh,vivaan.ghosh248@gmail.com,8921287271,Baranagar,Madhya Pradesh,2025-05-05
249,Hamsini,Manne,hamsini.manne249@gmail.com,6060520392,Visakhapatnam,West Bengal,2025-06-12
250,Anika,Soman,anika.soman250@gmail.com,6048040314,Hazaribagh,Rajasthan,2025-01-13
251,Vidhi,Hegde,vidhi.hegde251@gmail.com,2559830756,Junagadh,Goa,2025-04-08
252,Harsh,Edwin,harsh.edwin252@gmail.com,8884733623,Nagaon,Tripura,2026-06-09
253,Divya,Sama,divya.sama253@gmail.com,2500820604,Firozabad,Assam,2025-12-27
254,Ryan,Goda,ryan.goda254@gmail.com,5750986004,Shimoga,Assam,2026-02-07
255,Ekiya,Sarna,ekiya.sarna255@gmail.com,5402330015,Mahbubnagar,Nagaland,2025-06-25
256,Darika,Tank,darika.tank256@gmail.com,8566658422,Thrissur,Kerala,2025-03-07
257,Aditya,Jhaveri,aditya.jhaveri257@gmail.com,1673120450,Jamnagar,Andhra Pradesh,2024-07-29
258,Qushi,Dayal,qushi.dayal258@gmail.com,4847452269,Ajmer,Jharkhand,2025-04-27
259,Yahvi,Soman,yahvi.soman259@gmail.com,1716892488,Salem,Odisha,2026-03-29
260,Kabir,Sharma,kabir.sharma260@gmail.com,4381591762,Bidar,Telangana,2026-06-25
261,Harsh,Venkataraman,harsh.venkataraman261@gmail.com,2388087518,Dhanbad,Tamil Nadu,2025-06-04
262,Ranbir,Bose,ranbir.bose262@gmail.com,0385671206,Latur,Uttar Pradesh,2024-10-23
263,Ekansh,Bhatnagar,ekansh.bhatnagar263@gmail.com,8602431981,Amaravati,Nagaland,2024-09-20
264,Urvi,Dora,urvi.dora264@gmail.com,4162036585,Naihati,Karnataka,2025-07-13
265,Krisha,Prashad,krisha.prashad265@gmail.com,7170811656,Aurangabad,Arunachal Pradesh,2025-05-29
266,Harinakshi,Wali,harinakshi.wali266@gmail.com,5004711446,Bhusawal,Kerala,2025-01-20
267,Kritika,Bora,kritika.bora267@gmail.com,6184376867,Shahjahanpur,West Bengal,2025-05-05
268,Indira,Venkataraman,indira.venkataraman268@gmail.com,3009490597,Singrauli,Maharashtra,2026-03-09
269,Raagini,De,raagini.de269@gmail.com,3871120899,Machilipatnam,Maharashtra,2024-11-29
270,Vidhi,Tara,vidhi.tara270@gmail.com,2412049420,Deoghar,Chhattisgarh,2026-02-14
271,Yadavi,Chauhan,yadavi.chauhan271@gmail.com,9064315895,Gudivada,Bihar,2025-04-19
272,Yashoda,Rai,yashoda.rai272@gmail.com,7442426768,Bangalore,Kerala,2026-03-24
273,Eesha,Brahmbhatt,eesha.brahmbhatt273@gmail.com,4350726370,Nizamabad,Tripura,2025-07-02
274,Manan,Rajan,manan.rajan274@gmail.com,5552841476,Siwan,Arunachal Pradesh,2025-01-10
275,Tanish,Barad,tanish.barad275@gmail.com,8534084281,Tinsukia,Goa,2025-02-08
276,Chaaya,Garg,chaaya.garg276@gmail.com,3337420627,Secunderabad,Himachal Pradesh,2024-07-13
277,Kalpit,Pandya,kalpit.pandya277@gmail.com,2138920662,Parbhani,Odisha,2026-03-20
278,Balendra,Badal,balendra.badal278@gmail.com,1809918999,Pune,Andhra Pradesh,2026-03-12
279,Falguni,Ganguly,falguni.ganguly279@gmail.com,5603823483,Parbhani,Rajasthan,2025-10-26
280,Vanya,Chaudhari,vanya.chaudhari280@gmail.com,1443714328,Moradabad,Tamil Nadu,2025-03-27
281,Nidhi,Krish,nidhi.krish281@gmail.com,4827720686,Bhatpara,Odisha,2025-04-08
282,Tanveer,Pandya,tanveer.pandya282@gmail.com,1916609951,Faridabad,Manipur,2024-12-16
283,Triveni,Bir,triveni.bir283@gmail.com,1383349533,Nellore,Manipur,2026-03-28
284,Chakradhar,Sura,chakradhar.sura284@gmail.com,5516176151,Erode,Uttar Pradesh,2026-01-20
285,Garima,Chandran,garima.chandran285@gmail.com,9345423236,Serampore,Manipur,2024-12-08
286,Upasna,Raman,upasna.raman286@gmail.com,5725152342,Khammam,Nagaland,2025-02-28
287,Dakshesh,Banerjee,dakshesh.banerjee287@gmail.com,5808867733,Durg,Manipur,2026-05-17
288,Dayita,Lalla,dayita.lalla288@gmail.com,7622206624,Bhalswa Jahangir Pur,Telangana,2025-02-20
289,Libni,Baral,libni.baral289@gmail.com,8981543629,Noida,Assam,2026-05-04
290,Isha,Sibal,isha.sibal290@gmail.com,9290355731,Durg,Haryana,2026-01-02
291,Ishani,Deep,ishani.deep291@gmail.com,8862512537,Amritsar,Maharashtra,2024-09-30
292,Sai,Sankaran,sai.sankaran292@gmail.com,7088063216,Kolhapur,Punjab,2025-12-12
293,Ekiya,Balan,ekiya.balan293@gmail.com,4021871366,Bhilai,Gujarat,2025-08-25
294,Prisha,Mander,prisha.mander294@gmail.com,3773468360,Bhilwara,Himachal Pradesh,2024-09-09
295,Adweta,Saha,adweta.saha295@gmail.com,9180132475,Thane,Odisha,2025-04-29
296,Vansha,Venkatesh,vansha.venkatesh296@gmail.com,3333639395,Gurgaon,Kerala,2026-04-21
297,Balendra,Batra,balendra.batra297@gmail.com,8491829531,Bijapur,Tripura,2025-07-23
298,Nathaniel,Keer,nathaniel.keer298@gmail.com,3174666052,Naihati,Chhattisgarh,2024-10-13
299,Megha,Loke,megha.loke299@gmail.com,3955624043,Baranagar,Telangana,2024-11-30
300,Yachana,Warrior,yachana.warrior300@gmail.com,4787704440,Motihari,Uttar Pradesh,2025-12-20
301,Upasna,Sood,upasna.sood301@gmail.com,0715954822,Hubli–Dharwad,Maharashtra,2024-08-21
302,Nathaniel,Dasgupta,nathaniel.dasgupta302@gmail.com,3164070009,Khandwa,Odisha,2026-03-20
303,Avni,Chacko,avni.chacko303@gmail.com,0997606686,Dibrugarh,Manipur,2025-11-23
304,Vasudha,Kapoor,vasudha.kapoor304@gmail.com,6512695387,Morbi,Nagaland,2025-03-29
305,Veer,Sandhu,veer.sandhu305@gmail.com,6806000386,Bhusawal,Assam,2025-11-01
306,Panini,Ben,panini.ben306@gmail.com,6967133878,Gulbarga,Karnataka,2025-03-12
307,Odika,Mann,odika.mann307@gmail.com,5222555420,Nellore,Nagaland,2025-01-02
308,Yadavi,Singhal,yadavi.singhal308@gmail.com,0337366214,Jammu,Tamil Nadu,2025-08-05
309,Meera,Srinivasan,meera.srinivasan309@gmail.com,4323154957,Nanded,Punjab,2024-11-17
310,Geetika,Sani,geetika.sani310@gmail.com,8624321073,Raiganj,Maharashtra,2026-06-10
311,Nathan,Bains,nathan.bains311@gmail.com,3151302134,Berhampore,Madhya Pradesh,2025-05-16
312,Bhanumati,Prakash,bhanumati.prakash312@gmail.com,1969095018,Agra,Rajasthan,2026-03-14
313,Logan,Kala,logan.kala313@gmail.com,9958443985,Mangalore,Meghalaya,2025-08-07
314,Eshana,Mani,eshana.mani314@gmail.com,5546516948,Bally,Telangana,2025-09-14
315,Daksh,Bhatia,daksh.bhatia315@gmail.com,4563225072,Morbi,Nagaland,2024-10-28
316,Maanas,Bajaj,maanas.bajaj316@gmail.com,5648929650,Ichalkaranji,Maharashtra,2025-03-13
317,Manbir,Vig,manbir.vig317@gmail.com,3393735922,Kota,Assam,2026-02-21
318,Gavin,Grewal,gavin.grewal318@gmail.com,2542596970,Malegaon,Sikkim,2026-06-15
319,Geetika,Pillay,geetika.pillay319@gmail.com,8691611460,Serampore,Assam,2025-02-07
320,Keya,Panchal,keya.panchal320@gmail.com,1362030248,Madanapalle,Sikkim,2025-02-12
321,Om,Pillay,om.pillay321@gmail.com,1820048884,Agra,Bihar,2025-11-17
322,Aarav,Magar,aarav.magar322@gmail.com,6061580681,Kirari Suleman Nagar,Sikkim,2024-12-21
323,Anirudh,Hans,anirudh.hans323@gmail.com,2958191376,Hazaribagh,Himachal Pradesh,2024-10-10
324,Jagrati,Sidhu,jagrati.sidhu324@gmail.com,7031711950,Agartala,Tamil Nadu,2024-08-13
325,Tanay,Master,tanay.master325@gmail.com,6985837231,Kumbakonam,Telangana,2026-01-16
326,Yahvi,Nanda,yahvi.nanda326@gmail.com,0036104137,Nangloi Jat,Chhattisgarh,2026-01-08
327,Anay,Shan,anay.shan327@gmail.com,6306567658,Kolhapur,Uttarakhand,2026-01-14
328,Prisha,Dewan,prisha.dewan328@gmail.com,1648365546,Medininagar,Chhattisgarh,2025-04-21
329,Luke,Vala,luke.vala329@gmail.com,8070831465,Bhalswa Jahangir Pur,Kerala,2026-05-22
330,Zaitra,Sharma,zaitra.sharma330@gmail.com,7525305910,Bihar Sharif,Goa,2025-08-07
331,Owen,Karpe,owen.karpe331@gmail.com,6196147689,Rajkot,Goa,2025-09-13
332,Leela,Yohannan,leela.yohannan332@gmail.com,3104504814,Nizamabad,West Bengal,2025-03-07
333,Kritika,Hans,kritika.hans333@gmail.com,4880073753,Raebareli,Odisha,2026-02-07
334,Maanav,Joshi,maanav.joshi334@gmail.com,6549933748,Pimpri-Chinchwad,Manipur,2026-03-04
335,Chatura,Mutti,chatura.mutti335@gmail.com,2952542135,Nanded,Assam,2026-03-31
336,Jeremiah,Talwar,jeremiah.talwar336@gmail.com,1370739744,Ulhasnagar,Kerala,2025-08-26
337,Divya,Shetty,divya.shetty337@gmail.com,5429622657,Jamalpur,Jharkhand,2025-10-06
338,Dakshesh,Chahal,dakshesh.chahal338@gmail.com,2265308001,Chapra,Sikkim,2024-10-25
339,Chaaya,Kadakia,chaaya.kadakia339@gmail.com,6079023269,Aurangabad,Tripura,2026-03-31
340,Dalbir,Batta,dalbir.batta340@gmail.com,0143763482,Kollam,Uttarakhand,2026-06-19
341,Dominic,Ganguly,dominic.ganguly341@gmail.com,2305223031,Sultan Pur Majra,Uttarakhand,2024-11-13
342,Ekaja,Srivastava,ekaja.srivastava342@gmail.com,1460349159,Ahmedabad,Assam,2025-06-26
343,Tanvi,Banik,tanvi.banik343@gmail.com,6870161250,Durg,Assam,2025-05-14
344,Ubika,Murthy,ubika.murthy344@gmail.com,8253590880,Mumbai,Gujarat,2024-10-10
345,Jatin,Murty,jatin.murty345@gmail.com,1839529948,Berhampur,Meghalaya,2025-02-01
346,Chakradhar,Batta,chakradhar.batta346@gmail.com,3049826331,Kamarhati,Jharkhand,2025-10-16
347,Maanav,Ganesan,maanav.ganesan347@gmail.com,4714059155,Tadepalligudem,West Bengal,2025-06-06
348,Harita,Bhandari,harita.bhandari348@gmail.com,9990176204,Malda,Kerala,2025-03-15
349,Eta,Kala,eta.kala349@gmail.com,1671132908,Bihar Sharif,Tamil Nadu,2025-08-26
350,Saumya,Mukherjee,saumya.mukherjee350@gmail.com,2858330637,Bokaro,Mizoram,2026-02-04
351,Sara,Sangha,sara.sangha351@gmail.com,2103183585,Rourkela,Uttarakhand,2025-02-16
352,Wakeeta,Bajwa,wakeeta.bajwa352@gmail.com,4501468703,Pune,Maharashtra,2024-08-20
353,Nimrat,Sama,nimrat.sama353@gmail.com,9657426850,Korba,Meghalaya,2025-11-05
354,Vanya,Lalla,vanya.lalla354@gmail.com,3395793852,Durg,Tripura,2025-05-27
355,Krish,Bhagat,krish.bhagat355@gmail.com,2430058876,Madanapalle,Haryana,2025-03-29
356,Jacob,Goswami,jacob.goswami356@gmail.com,0037712042,Phusro,Nagaland,2026-03-16
357,Saumya,Karnik,saumya.karnik357@gmail.com,6375891533,Guntur,Karnataka,2025-05-13
358,Kamya,Aggarwal,kamya.aggarwal358@gmail.com,2330774558,Kavali,Odisha,2025-11-25
359,Chandani,Narang,chandani.narang359@gmail.com,6367299674,Mau,Kerala,2025-12-06
360,Janya,Mall,janya.mall360@gmail.com,9583106559,Lucknow,Sikkim,2025-12-29
361,Lopa,Balakrishnan,lopa.balakrishnan361@gmail.com,6988203069,Giridih,Kerala,2025-07-15
362,Mohammed,Butala,mohammed.butala362@gmail.com,8243559259,Faridabad,Tamil Nadu,2025-03-10
363,Guneet,Mistry,guneet.mistry363@gmail.com,2080459570,Bhubaneswar,Tamil Nadu,2025-11-14
364,Finn,Kota,finn.kota364@gmail.com,9540635142,Maheshtala,Kerala,2025-01-07
365,Yashawini,Sagar,yashawini.sagar365@gmail.com,3784521115,Nadiad,Rajasthan,2025-04-20
366,Jeet,Rege,jeet.rege366@gmail.com,2788788746,Machilipatnam,Arunachal Pradesh,2026-02-13
367,Harini,Parikh,harini.parikh367@gmail.com,9630727685,Jamnagar,Manipur,2025-09-12
368,Ekapad,Devan,ekapad.devan368@gmail.com,6504714178,Udupi,Jharkhand,2026-05-11
369,Upadhriti,Banik,upadhriti.banik369@gmail.com,8148068902,Madurai,Uttar Pradesh,2025-06-13
370,Saanvi,Chauhan,saanvi.chauhan370@gmail.com,3587736033,Bidhannagar,Tamil Nadu,2025-12-19
371,Advay,Saran,advay.saran371@gmail.com,4538452150,Eluru,Manipur,2026-06-25
372,Agastya,Gulati,agastya.gulati372@gmail.com,5529030894,Durgapur,Manipur,2025-06-15
373,Panini,Sangha,panini.sangha373@gmail.com,1027001671,Howrah,Chhattisgarh,2025-08-06
374,Bhavika,Chaudhary,bhavika.chaudhary374@gmail.com,1813912722,Hindupur,Andhra Pradesh,2026-02-15
375,Sachi,Patla,sachi.patla375@gmail.com,9299756630,Dhanbad,Gujarat,2026-03-29
376,Dayita,Nagarajan,dayita.nagarajan376@gmail.com,8535462700,Bhiwani,Goa,2026-04-15
377,Adweta,Bali,adweta.bali377@gmail.com,6959130084,Alappuzha,Rajasthan,2025-10-10
378,Mohini,Dash,mohini.dash378@gmail.com,3900469247,Katihar,Karnataka,2025-02-04
379,Nidra,Brar,nidra.brar379@gmail.com,3356148036,Jhansi,Himachal Pradesh,2026-01-03
380,Alexander,Lal,alexander.lal380@gmail.com,8256912902,New Delhi,Gujarat,2026-03-03
381,Janaki,Nayar,janaki.nayar381@gmail.com,7450017669,Burhanpur,Maharashtra,2026-06-21
382,Oviya,Wadhwa,oviya.wadhwa382@gmail.com,4504033185,Bhubaneswar,Jharkhand,2024-09-11
383,Pahal,Bhardwaj,pahal.bhardwaj383@gmail.com,7086360117,Hyderabad,Sikkim,2025-12-15
384,Devansh,Batra,devansh.batra384@gmail.com,4102482837,Anand,Nagaland,2025-09-14
385,Krish,Bassi,krish.bassi385@gmail.com,7141192131,Aligarh,Nagaland,2025-01-04
386,Niharika,Bhargava,niharika.bhargava386@gmail.com,1108815000,Bhiwani,Andhra Pradesh,2024-07-06
387,Rehaan,Dada,rehaan.dada387@gmail.com,4587296877,Adoni,Tripura,2025-12-17
388,Manthan,Lal,manthan.lal388@gmail.com,1182941278,Mathura,Uttar Pradesh,2026-05-20
389,Andrew,Mitter,andrew.mitter389@gmail.com,8907247585,Hosur,Rajasthan,2025-04-14
390,Ojasvi,Dass,ojasvi.dass390@gmail.com,6891466805,Udaipur,Himachal Pradesh,2025-10-07
391,Indali,Sundaram,indali.sundaram391@gmail.com,5029420212,Kadapa,Manipur,2026-05-04
392,Hema,Chanda,hema.chanda392@gmail.com,7762429993,Karawal Nagar,Tamil Nadu,2025-08-16
393,Keya,Deshmukh,keya.deshmukh393@gmail.com,7480922840,Begusarai,Sikkim,2025-04-28
394,Yashoda,Pradhan,yashoda.pradhan394@gmail.com,2045397444,Mangalore,Sikkim,2024-11-04
395,Chatresh,Doctor,chatresh.doctor395@gmail.com,6234031205,Jamshedpur,Gujarat,2024-08-18
396,Wazir,Dhingra,wazir.dhingra396@gmail.com,9043812290,Bathinda,Sikkim,2024-07-07
397,Zayyan,Babu,zayyan.babu397@gmail.com,6259809682,Mumbai,Tripura,2026-03-10
398,Ranveer,Warrior,ranveer.warrior398@gmail.com,7309849041,Morbi,Karnataka,2025-01-03
399,Zehaan,Sastry,zehaan.sastry399@gmail.com,2790541869,Erode,Arunachal Pradesh,2025-10-19
400,Jagvi,Bava,jagvi.bava400@gmail.com,3914109464,Bhubaneswar,Nagaland,2026-01-22
401,Anita,Nori,anita.nori401@gmail.com,9383264204,Morena,Gujarat,2025-07-04
402,Xiti,Nazareth,xiti.nazareth402@gmail.com,1449494648,Pudukkottai,Telangana,2025-01-05
403,Jagdish,Barman,jagdish.barman403@gmail.com,5867277925,Bidhannagar,Andhra Pradesh,2026-03-21
404,Imaran,Sankaran,imaran.sankaran404@gmail.com,0421383971,Mirzapur,Chhattisgarh,2024-11-29
405,Eta,Ghosh,eta.ghosh405@gmail.com,9995870475,Tiruvottiyur,Tamil Nadu,2025-05-23
406,Chanchal,Wadhwa,chanchal.wadhwa406@gmail.com,0435648468,Pondicherry,Telangana,2025-07-17
407,Varenya,Chander,varenya.chander407@gmail.com,9422356005,Vijayawada,Karnataka,2025-03-11
408,Oeshi,Bhargava,oeshi.bhargava408@gmail.com,3658977903,Madanapalle,Assam,2024-11-18
409,Saumya,Bansal,saumya.bansal409@gmail.com,3485308714,Bikaner,Karnataka,2026-02-20
410,Veda,Vaidya,veda.vaidya410@gmail.com,8219282314,Secunderabad,Bihar,2024-08-16
411,Madhav,Kumar,madhav.kumar411@gmail.com,0324811289,Uluberia,Karnataka,2025-05-13
412,Chavvi,Wadhwa,chavvi.wadhwa412@gmail.com,8121252261,Patiala,Assam,2025-09-01
413,Triya,Basak,triya.basak413@gmail.com,3124933434,Begusarai,Jharkhand,2024-08-19
414,Hitesh,Goel,hitesh.goel414@gmail.com,9076835235,Bhavnagar,Gujarat,2025-09-01
415,Devika,Pandey,devika.pandey415@gmail.com,9843715104,Gandhidham,Goa,2025-12-09
416,Jagat,Dhawan,jagat.dhawan416@gmail.com,2636091287,Jalgaon,Uttarakhand,2024-11-10
417,Akshay,Kar,akshay.kar417@gmail.com,3742873951,Amroha,Maharashtra,2025-12-06
418,Yoshita,Sha,yoshita.sha418@gmail.com,6787788291,Satara,West Bengal,2025-02-28
419,Nirja,Sachar,nirja.sachar419@gmail.com,2111903319,Bhagalpur,Jharkhand,2025-04-21
420,Zayyan,Kashyap,zayyan.kashyap420@gmail.com,4628049040,Navi Mumbai,Haryana,2025-03-31
421,Ansh,Parsa,ansh.parsa421@gmail.com,5216273884,Gudivada,Odisha,2026-04-02
422,Kabir,Srinivasan,kabir.srinivasan422@gmail.com,3412786557,Dhule,Telangana,2025-08-17
423,Darsh,Sinha,darsh.sinha423@gmail.com,6858969452,Kadapa,Rajasthan,2025-04-16
424,Sachi,Mandal,sachi.mandal424@gmail.com,9958293601,Allahabad,Mizoram,2025-09-07
425,Isha,Peri,isha.peri425@gmail.com,7362976026,Sambhal,West Bengal,2025-04-30
426,Eesha,Nanda,eesha.nanda426@gmail.com,5171277419,Siliguri,Uttar Pradesh,2025-07-06
427,Dipta,Morar,dipta.morar427@gmail.com,5654897534,Patna,West Bengal,2026-02-15
428,Jasmit,Bala,jasmit.bala428@gmail.com,2154426846,Allahabad,Rajasthan,2025-08-24
429,Libni,Chada,libni.chada429@gmail.com,9673684795,Raebareli,Uttar Pradesh,2026-03-01
430,Lucky,Chhabra,lucky.chhabra430@gmail.com,1974170767,Agartala,Gujarat,2026-06-01
431,Upadhriti,Sule,upadhriti.sule431@gmail.com,7771492080,Alappuzha,Himachal Pradesh,2025-07-08
432,Rachana,Chopra,rachana.chopra432@gmail.com,0694505989,Karnal,Assam,2025-05-07
433,Ekaraj,Sant,ekaraj.sant433@gmail.com,9118450723,Satara,Nagaland,2024-10-14
434,Anjali,Bhatnagar,anjali.bhatnagar434@gmail.com,4059033705,Bardhaman,Haryana,2024-12-28
435,Faraj,Krishnan,faraj.krishnan435@gmail.com,8084568333,Gudivada,Himachal Pradesh,2024-10-25
436,Udarsh,Thakkar,udarsh.thakkar436@gmail.com,7930960694,Firozabad,Maharashtra,2026-05-16
437,Diya,Khosla,diya.khosla437@gmail.com,7374883410,Morbi,Assam,2026-04-26
438,Bhavini,Agarwal,bhavini.agarwal438@gmail.com,3282891976,Buxar,Nagaland,2024-08-01
439,Naveen,Bali,naveen.bali439@gmail.com,8252545279,Ratlam,Jharkhand,2024-07-14
440,Anvi,Parikh,anvi.parikh440@gmail.com,5376167308,Kharagpur,Bihar,2025-12-07
441,Faqid,Mukherjee,faqid.mukherjee441@gmail.com,9758380744,Morbi,Odisha,2025-04-22
442,Manthan,Om,manthan.om442@gmail.com,1148246770,Surendranagar Dudhrej,Jharkhand,2024-07-09
443,Anthony,Gola,anthony.gola443@gmail.com,6036394971,Motihari,Tamil Nadu,2025-10-07
444,Darika,Varma,darika.varma444@gmail.com,8138118508,Amritsar,Assam,2025-07-08
445,Eta,Barad,eta.barad445@gmail.com,5226154022,Jamshedpur,Uttar Pradesh,2025-03-14
446,Udant,Maharaj,udant.maharaj446@gmail.com,0853564188,Bhatpara,Odisha,2025-08-14
447,Rudra,Arya,rudra.arya447@gmail.com,5983189049,Bhavnagar,Himachal Pradesh,2025-05-13
448,Parth,Khurana,parth.khurana448@gmail.com,9974078592,Guwahati,Manipur,2025-11-01
449,Lakshmi,Rege,lakshmi.rege449@gmail.com,2523470307,Aurangabad,Kerala,2025-03-18
450,Neha,Seth,neha.seth450@gmail.com,3322903157,Dharmavaram,Telangana,2026-03-16
451,Yutika,Date,yutika.date451@gmail.com,0984861990,Bidar,West Bengal,2025-02-07
452,Vinaya,Mishra,vinaya.mishra452@gmail.com,5577456580,Pallavaram,Goa,2025-02-12
453,Peter,Manda,peter.manda453@gmail.com,9554405358,Kirari Suleman Nagar,Meghalaya,2026-01-28
454,Eshana,Andra,eshana.andra454@gmail.com,5101586606,Varanasi,Punjab,2025-07-11
455,Michael,Tandon,michael.tandon455@gmail.com,8822742144,Hyderabad,Madhya Pradesh,2025-12-05
456,Gunbir,Atwal,gunbir.atwal456@gmail.com,0035133569,Anand,Sikkim,2024-11-07
457,Ria,Kalla,ria.kalla457@gmail.com,9810409266,Imphal,Chhattisgarh,2024-11-15
458,Caleb,Mahajan,caleb.mahajan458@gmail.com,5523607811,Serampore,Jharkhand,2025-04-08
459,Yagnesh,Bose,yagnesh.bose459@gmail.com,8909159537,Naihati,Odisha,2025-08-20
460,Maanav,Mane,maanav.mane460@gmail.com,0398129829,Thiruvananthapuram,Karnataka,2024-10-11
461,Mason,Padmanabhan,mason.padmanabhan461@gmail.com,2553688123,Junagadh,Assam,2025-08-12
462,Jairaj,Dalal,jairaj.dalal462@gmail.com,0470896372,Purnia,Manipur,2025-01-15
463,Avi,Sem,avi.sem463@gmail.com,0019879848,Hosur,Uttarakhand,2025-09-13
464,Ria,Kashyap,ria.kashyap464@gmail.com,3469253281,Bathinda,Goa,2026-04-01
465,Harish,Dhingra,harish.dhingra465@gmail.com,4808845897,Unnao,West Bengal,2026-06-17
466,Kabir,Nagy,kabir.nagy466@gmail.com,9906023955,Saharanpur,Himachal Pradesh,2026-05-21
467,Chandani,Lata,chandani.lata467@gmail.com,4847760109,Warangal,Himachal Pradesh,2025-07-23
468,Wishi,Mahajan,wishi.mahajan468@gmail.com,3439028131,Shahjahanpur,Manipur,2025-10-01
469,Isaac,Raman,isaac.raman469@gmail.com,9161582641,Nanded,Bihar,2024-08-13
470,Zayan,Bajwa,zayan.bajwa470@gmail.com,0605649477,Visakhapatnam,Madhya Pradesh,2024-09-27
471,Mahika,Goel,mahika.goel471@gmail.com,0790156935,Bidar,Goa,2026-04-13
472,Frederick,Suri,frederick.suri472@gmail.com,7574473961,Raichur,Andhra Pradesh,2026-03-16
473,Agastya,Dani,agastya.dani473@gmail.com,3126961069,Ichalkaranji,Odisha,2025-02-04
474,Zehaan,Parmar,zehaan.parmar474@gmail.com,7216193119,Dibrugarh,Karnataka,2024-12-26
475,Eshana,Hora,eshana.hora475@gmail.com,5476603703,Dindigul,Telangana,2024-09-09
476,Bahadurjit,Mannan,bahadurjit.mannan476@gmail.com,6310505491,Ichalkaranji,Meghalaya,2026-05-26
477,Wyatt,Yogi,wyatt.yogi477@gmail.com,4647883842,Hazaribagh,Assam,2025-05-20
478,Patrick,Bhagat,patrick.bhagat478@gmail.com,8807131911,Barasat,Kerala,2025-02-07
479,Chakradev,Gade,chakradev.gade479@gmail.com,7297655348,Rajpur Sonarpur,Goa,2025-10-02
480,Inaya,Gala,inaya.gala480@gmail.com,9000809796,Bareilly,Meghalaya,2026-03-16
481,Triya,Ganesan,triya.ganesan481@gmail.com,2314717573,Barasat,Andhra Pradesh,2024-12-29
482,Darika,Bobal,darika.bobal482@gmail.com,6735078594,Tiruchirappalli,Maharashtra,2025-11-24
483,Anita,Misra,anita.misra483@gmail.com,7499192788,Machilipatnam,Arunachal Pradesh,2025-11-04
484,Wishi,Kulkarni,wishi.kulkarni484@gmail.com,0680322753,Gangtok,Chhattisgarh,2025-04-12
485,Rayaan,Dugar,rayaan.dugar485@gmail.com,7225499171,Shivpuri,Meghalaya,2024-08-24
486,Dev,Lad,dev.lad486@gmail.com,9546225949,Burhanpur,Maharashtra,2025-04-27
487,Ekani,Deol,ekani.deol487@gmail.com,5269549937,Ulhasnagar,Mizoram,2025-07-29
488,Jackson,Bath,jackson.bath488@gmail.com,9926053868,Kurnool,Madhya Pradesh,2024-07-30
489,Harrison,Manne,harrison.manne489@gmail.com,7762955947,Nashik,Karnataka,2025-03-28
490,Ekalinga,Sen,ekalinga.sen490@gmail.com,2439186955,Karawal Nagar,Mizoram,2025-07-17
491,Yasti,Gour,yasti.gour491@gmail.com,7810206800,Nizamabad,Maharashtra,2025-03-13
492,Damyanti,Rajagopalan,damyanti.rajagopalan492@gmail.com,9880742961,Bally,Assam,2025-08-09
493,Oscar,Rama,oscar.rama493@gmail.com,4465716420,Bareilly,Himachal Pradesh,2025-01-26
494,Samuel,Bava,samuel.bava494@gmail.com,3237342062,Kishanganj,West Bengal,2024-11-02
495,Abeer,Bhatia,abeer.bhatia495@gmail.com,5203494369,Khandwa,Goa,2024-09-01
496,Naveen,Mitra,naveen.mitra496@gmail.com,6185467583,Srinagar,Uttarakhand,2025-05-27
497,Anirudh,Bera,anirudh.bera497@gmail.com,8344445383,Unnao,Karnataka,2025-09-14
498,Maanav,Dewan,maanav.dewan498@gmail.com,3210178849,Davanagere,Telangana,2025-08-12
499,Jagat,Kar,jagat.kar499@gmail.com,2551869542,Noida,Kerala,2026-06-02
500,Yatan,Dara,yatan.dara500@gmail.com,6699561567,Maheshtala,Telangana,2024-09-07
